id,focus,signal,slack,drag,confidence,score,lane,kind,invariant
g001,token drift,43,35,42,33,61,hold,baseline,monotonic-signal
g002,grammar width,43,61,5,78,288,ship,edge,drag-penalty
g003,label quality,47,77,30,53,187,watch,recovery,confidence-floor
g004,error locality,96,52,23,97,369,ship,negative,lane-boundary
g005,token drift,36,42,21,81,213,ship,baseline,monotonic-signal
g006,grammar width,54,40,42,34,90,hold,edge,drag-penalty
g007,label quality,110,76,33,58,313,ship,recovery,confidence-floor
g008,error locality,98,27,30,32,197,watch,negative,lane-boundary
g009,token drift,51,40,30,66,184,watch,baseline,monotonic-signal
g010,grammar width,31,49,32,88,191,watch,edge,drag-penalty
g011,label quality,69,21,13,103,326,ship,recovery,confidence-floor
g012,error locality,91,44,5,29,269,ship,negative,lane-boundary
g013,token drift,106,23,21,83,338,ship,baseline,monotonic-signal
g014,grammar width,117,50,33,71,327,ship,edge,drag-penalty
g015,label quality,38,66,41,70,159,watch,recovery,confidence-floor
g016,error locality,46,42,4,31,184,watch,negative,lane-boundary
g017,token drift,53,67,8,102,353,ship,baseline,monotonic-signal
g018,grammar width,104,47,12,56,331,ship,edge,drag-penalty
g019,label quality,89,40,36,37,184,watch,recovery,confidence-floor
g020,error locality,41,74,8,32,196,watch,negative,lane-boundary
g021,token drift,109,23,37,77,284,ship,baseline,monotonic-signal
g022,grammar width,58,35,11,52,222,ship,edge,drag-penalty
g023,label quality,36,9,21,96,210,ship,recovery,confidence-floor
g024,error locality,117,33,27,80,346,ship,negative,lane-boundary
g025,token drift,73,25,32,33,141,watch,baseline,monotonic-signal
g026,grammar width,98,11,15,57,276,ship,edge,drag-penalty
g027,label quality,70,77,8,31,255,ship,recovery,confidence-floor
g028,error locality,104,42,6,65,362,ship,negative,lane-boundary
g029,token drift,36,62,27,87,227,ship,baseline,monotonic-signal
g030,grammar width,50,40,18,102,290,ship,edge,drag-penalty
g031,label quality,60,66,15,28,197,watch,recovery,confidence-floor
g032,error locality,84,12,15,82,299,ship,negative,lane-boundary
g033,token drift,84,57,17,70,314,ship,baseline,monotonic-signal
g034,grammar width,88,47,40,69,241,ship,edge,drag-penalty
g035,label quality,49,45,32,30,107,watch,recovery,confidence-floor
g036,error locality,77,11,6,101,349,ship,negative,lane-boundary
g037,token drift,95,32,18,55,278,ship,baseline,monotonic-signal
g038,grammar width,63,45,26,36,165,watch,edge,drag-penalty
g039,label quality,51,54,31,31,125,watch,recovery,confidence-floor
g040,error locality,92,26,35,76,257,ship,negative,lane-boundary
g041,token drift,72,49,39,51,178,watch,baseline,monotonic-signal
g042,grammar width,110,28,21,95,375,ship,edge,drag-penalty
g043,label quality,44,55,35,79,196,watch,recovery,confidence-floor
g044,error locality,59,71,22,32,187,watch,negative,lane-boundary
g045,token drift,70,47,38,56,185,watch,baseline,monotonic-signal
g046,grammar width,79,72,6,30,272,ship,edge,drag-penalty
g047,label quality,87,52,12,64,318,ship,recovery,confidence-floor
g048,error locality,94,45,17,86,354,ship,negative,lane-boundary
g049,token drift,57,9,42,101,199,watch,baseline,monotonic-signal
g050,grammar width,42,28,35,27,61,hold,edge,drag-penalty
g051,label quality,82,40,33,81,267,ship,recovery,confidence-floor
g052,error locality,62,14,12,69,240,ship,negative,lane-boundary
g053,token drift,99,38,45,68,237,ship,baseline,monotonic-signal
g054,grammar width,77,30,42,29,116,watch,edge,drag-penalty
g055,label quality,70,16,42,100,230,ship,recovery,confidence-floor
g056,error locality,114,12,44,54,216,ship,negative,lane-boundary
g057,token drift,51,47,25,35,144,watch,baseline,monotonic-signal
g058,grammar width,111,67,17,30,298,ship,edge,drag-penalty
g059,label quality,57,45,33,75,210,ship,recovery,confidence-floor
g060,error locality,77,71,45,50,190,watch,negative,lane-boundary
g061,token drift,91,17,11,94,354,ship,baseline,monotonic-signal
g062,grammar width,101,62,16,78,372,ship,edge,drag-penalty
g063,label quality,37,52,20,31,128,watch,recovery,confidence-floor
g064,error locality,37,50,24,55,162,watch,negative,lane-boundary
g065,token drift,41,16,6,29,138,watch,baseline,monotonic-signal
g066,grammar width,90,37,20,63,283,ship,edge,drag-penalty
g067,label quality,30,50,7,85,259,ship,recovery,confidence-floor
g068,error locality,48,59,23,100,286,ship,negative,lane-boundary
g069,token drift,104,31,33,26,192,watch,baseline,monotonic-signal
g070,grammar width,92,54,39,80,281,ship,edge,drag-penalty
g071,label quality,45,33,44,68,127,watch,recovery,confidence-floor
g072,error locality,113,60,27,67,339,ship,negative,lane-boundary
g073,token drift,63,76,20,28,198,watch,baseline,monotonic-signal
g074,grammar width,85,52,18,99,366,ship,edge,drag-penalty
g075,label quality,100,77,39,53,266,ship,recovery,confidence-floor
g076,error locality,111,57,30,34,257,ship,negative,lane-boundary
g077,token drift,32,50,27,29,91,hold,baseline,monotonic-signal
g078,grammar width,40,14,27,74,161,watch,edge,drag-penalty
g079,label quality,47,33,29,49,138,watch,recovery,confidence-floor
g080,error locality,98,45,10,93,397,ship,negative,lane-boundary
g081,token drift,83,19,44,77,207,ship,baseline,monotonic-signal
g082,grammar width,35,43,18,30,119,watch,edge,drag-penalty
g083,label quality,103,35,30,54,259,ship,recovery,confidence-floor
g084,error locality,52,21,38,28,67,hold,negative,lane-boundary
g085,token drift,30,17,43,62,72,hold,baseline,monotonic-signal
g086,grammar width,111,52,5,84,427,ship,edge,drag-penalty
g087,label quality,67,72,9,99,377,ship,recovery,confidence-floor
g088,error locality,92,50,33,25,185,watch,negative,lane-boundary
g089,token drift,64,76,5,79,347,ship,baseline,monotonic-signal
g090,grammar width,98,22,34,67,250,ship,edge,drag-penalty
g091,label quality,30,67,8,66,235,ship,recovery,confidence-floor
g092,error locality,44,57,18,27,145,watch,negative,lane-boundary
g093,token drift,54,55,24,98,287,ship,baseline,monotonic-signal
g094,grammar width,78,21,29,52,194,watch,edge,drag-penalty
g095,label quality,78,42,12,33,228,ship,recovery,confidence-floor
g096,error locality,82,55,5,28,260,ship,negative,lane-boundary
